run_id,galaxy,npts,chi2_bary,chi2_qds,redchi2_bary,redchi2_qds,imp_chi2_clip0,imp_redchi2_clip0,v0,lam,AICc_bary,AICc_qds,AICc_win,BIC_bary,BIC_qds,BIC_win,n,improve_pct,out_csv
qds_fit_out_flatboost_20251213_003324,CamB,9,85.2602,85.2602,9.47336,12.18,0.0,0.0,0.0,0.2,85.2602,91.2602,0,85.2602,89.65464915467244,0,9,-28.571,/data/data/com.termux/files/home/OMEGA_EMPIRE/UV_QDS/data/rotmods_rc/qds_fit_out_flatboost_20251213_003324/CamB_QDS_bestfit.csv
qds_fit_out_flatboost_20251213_003324,D512-2,4,44.4258,0.130817,11.1064,0.0654087,99.70553822328466,99.41107199452568,32.3744,1.28673,44.4258,16.130817,1,44.4258,2.903405722239781,1,4,99.411,/data/data/com.termux/files/home/OMEGA_EMPIRE/UV_QDS/data/rotmods_rc/qds_fit_out_flatboost_20251213_003324/D512-2_QDS_bestfit.csv
qds_fit_out_flatboost_20251213_003324,D564-8,6,171.085,0.806581,28.5141,0.201645,99.5285495513926,99.29282355045399,31.9212,2.35105,171.085,8.806581,1,171.085,4.39009993845611,1,6,99.293,/data/data/com.termux/files/home/OMEGA_EMPIRE/UV_QDS/data/rotmods_rc/qds_fit_out_flatboost_20251213_003324/D564-8_QDS_bestfit.csv
qds_fit_out_flatboost_20251213_003324,D631-7,16,1408.1,35.6422,88.0062,2.54587,97.46877352460763,97.10716972213322,114.214,9.42785,1408.1,40.56527692307692,1,1408.1,41.187377444479566,1,16,97.107,/data/data/com.termux/files/home/OMEGA_EMPIRE/UV_QDS/data/rotmods_rc/qds_fit_out_flatboost_20251213_003324/D631-7_QDS_bestfit.csv
qds_fit_out_flatboost_20251213_003324,DDO064,14,117.325,4.1337,8.38033,0.344475,96.47670999360749,95.88948167912243,56.5572,1.95333,117.325,9.224609090909091,1,117.325,9.411814659230517,1,14,95.889,/data/data/com.termux/files/home/OMEGA_EMPIRE/UV_QDS/data/rotmods_rc/qds_fit_out_flatboost_20251213_003324/DDO064_QDS_bestfit.csv
qds_fit_out_flatboost_20251213_003324,DDO154,12,65173.2,42.2588,5431.1,4.22588,99.93515923723247,99.92219108467897,50.0837,2.18673,65173.2,47.59213333333334,1,65173.2,47.228613299576004,1,12,99.922,/data/data/com.termux/files/home/OMEGA_EMPIRE/UV_QDS/data/rotmods_rc/qds_fit_out_flatboost_20251213_003324/DDO154_QDS_bestfit.csv
qds_fit_out_flatboost_20251213_003324,DDO161,31,10061.1,21.0752,324.551,0.726729,99.79052787468568,99.77608172521423,67.2562,6.30397,10061.1,25.503771428571426,1,10061.1,27.943174408970293,1,31,99.776,/data/data/com.termux/files/home/OMEGA_EMPIRE/UV_QDS/data/rotmods_rc/qds_fit_out_flatboost_20251213_003324/DDO161_QDS_bestfit.csv
qds_fit_out_flatboost_20251213_003324,DDO168,10,1249.1,43.8659,124.91,5.48323,96.48819950364262,95.61025538387639,82.0033,3.93819,1249.1,49.58018571428572,1,1249.1,48.4710701859881,1,10,95.610,/data/data/com.termux/files/home/OMEGA_EMPIRE/UV_QDS/data/rotmods_rc/qds_fit_out_flatboost_20251213_003324/DDO168_QDS_bestfit.csv
qds_fit_out_flatboost_20251213_003324,DDO170,8,3927.75,10.6296,490.969,1.77161,99.72937177773534,99.63916051726281,55.0301,3.32388,3927.75,17.0296,1,3927.75,14.788483083359672,1,8,99.639,/data/data/com.termux/files/home/OMEGA_EMPIRE/UV_QDS/data/rotmods_rc/qds_fit_out_flatboost_20251213_003324/DDO170_QDS_bestfit.csv
qds_fit_out_flatboost_20251213_003324,ESO079-G014,15,1654.38,31.2725,110.292,2.40558,98.1097148176356,97.81889892285932,140.529,8.66975,1654.38,36.2725,1,1654.38,36.68860040220442,1,15,97.819,/data/data/com.termux/files/home/OMEGA_EMPIRE/UV_QDS/data/rotmods_rc/qds_fit_out_flatboost_20251213_003324/ESO079-G014_QDS_bestfit.csv
qds_fit_out_flatboost_20251213_003324,ESO116-G012,15,2783.66,16.9212,185.577,1.30163,99.39212403813684,99.29860381405024,108.138,4.31724,2783.66,21.9212,1,2783.66,22.33730040220442,1,15,99.299,/data/data/com.termux/files/home/OMEGA_EMPIRE/UV_QDS/data/rotmods_rc/qds_fit_out_flatboost_20251213_003324/ESO116-G012_QDS_bestfit.csv
qds_fit_out_flatboost_20251213_003324,ESO444-G084,7,1807.77,4.20082,258.253,0.840164,99.7676241999812,99.67467405993347,63.6181,1.28673,1807.77,11.20082,1,1807.77,8.092640298110627,1,7,99.675,/data/data/com.termux/files/home/OMEGA_EMPIRE/UV_QDS/data/rotmods_rc/qds_fit_out_flatboost_20251213_003324/ESO444-G084_QDS_bestfit.csv
qds_fit_out_flatboost_20251213_003324,ESO563-G021,30,1805.26,417.496,60.1754,14.9106,76.87335896214397,75.22143600208723,243.517,14.3032,1805.26,421.94044444444444,1,1805.26,424.29839476332427,1,30,75.221,/data/data/com.termux/files/home/OMEGA_EMPIRE/UV_QDS/data/rotmods_rc/qds_fit_out_flatboost_20251213_003324/ESO563-G021_QDS_bestfit.csv
qds_fit_out_flatboost_20251213_005057,F561-1,6,3.727396887316666,3.727396887316666,0.6212328145527777,0.9318492218291665,0.0,0.0,0.0,0.005,3.727396887316666,11.727396887316665,0,3.727396887316666,7.310915825772776,0,6,0.0,/data/data/com.termux/files/home/OMEGA_EMPIRE/UV_QDS/data/rotmods_rc/qds_fit_out_flatboost_20251213_005057/F561-1_QDS_bestfit.csv
qds_fit_out_flatboost_20251213_003324,F563-1,17,453.434,9.39019,26.6726,0.626013,97.92909442167989,97.6529734634044,103.005,3.32388,453.434,14.247332857142858,1,453.434,15.056616688112433,1,17,97.653,/data/data/com.termux/files/home/OMEGA_EMPIRE/UV_QDS/data/rotmods_rc/qds_fit_out_flatboost_20251213_003324/F563-1_QDS_bestfit.csv
qds_fit_out_flatboost_20251213_003324,F563-V1,6,0.870525,0.869688,0.145088,0.217422,0.09614887567846721,0.0,1.61098,0.403061,0.870525,8.869688,0,0.870525,4.45320693845611,0,6,-49.856,/data/data/com.termux/files/home/OMEGA_EMPIRE/UV_QDS/data/rotmods_rc/qds_fit_out_flatboost_20251213_003324/F563-V1_QDS_bestfit.csv
qds_fit_out_flatboost_20251213_003324,F563-V2,10,163.941,1.77939,16.3941,0.222424,98.91461562391348,98.643268004953,108.583,2.18673,163.941,7.493675714285715,1,163.941,6.384560185988092,1,10,98.643,/data/data/com.termux/files/home/OMEGA_EMPIRE/UV_QDS/data/rotmods_rc/qds_fit_out_flatboost_20251213_003324/F563-V2_QDS_bestfit.csv
qds_fit_out_flatboost_20251213_003324,F565-V2,7,259.915,0.475259,37.1307,0.0950518,99.8171482984822,99.74400751938423,87.5484,4.31724,259.915,7.475259,1,259.915,4.367079298110626,1,7,99.744,/data/data/com.termux/files/home/OMEGA_EMPIRE/UV_QDS/data/rotmods_rc/qds_fit_out_flatboost_20251213_003324/F565-V2_QDS_bestfit.csv
qds_fit_out_flatboost_20251213_003324,F567-2,5,17.7389,0.861613,3.54777,0.287204,95.14280479623879,91.90466123790438,36.6171,2.56578,17.7389,10.861613,1,17.7389,4.0804888248682,1,5,91.905,/data/data/com.termux/files/home/OMEGA_EMPIRE/UV_QDS/data/rotmods_rc/qds_fit_out_flatboost_20251213_003324/F567-2_QDS_bestfit.csv
qds_fit_out_flatboost_20251213_003324,F568-1,12,345.218,1.97175,28.7682,0.197175,99.42883916829365,99.3146077961082,125.632,3.32388,345.218,7.305083333333333,1,345.218,6.941563299576001,1,12,99.315,/data/data/com.termux/files/home/OMEGA_EMPIRE/UV_QDS/data/rotmods_rc/qds_fit_out_flatboost_20251213_003324/F568-1_QDS_bestfit.csv
qds_fit_out_flatboost_20251213_003324,F568-3,18,273.719,22.1372,15.2066,1.38357,91.91243574614843,90.90151644680599,107.586,6.68302,273.719,26.9372,1,273.719,27.91794351579233,1,18,90.902,/data/data/com.termux/files/home/OMEGA_EMPIRE/UV_QDS/data/rotmods_rc/qds_fit_out_flatboost_20251213_003324/F568-3_QDS_bestfit.csv
qds_fit_out_flatboost_20251213_003324,F568-V1,15,473.529,0.807033,31.5686,0.0620795,99.82957052260791,99.80335048117433,106.646,2.1998,473.529,5.807033,1,473.529,6.22313340220442,1,15,99.803,/data/data/com.termux/files/home/OMEGA_EMPIRE/UV_QDS/data/rotmods_rc/qds_fit_out_flatboost_20251213_003324/F568-V1_QDS_bestfit.csv
qds_fit_out_flatboost_20251213_003324,F571-8,13,1600.76,522.334,123.135,47.4849,67.3696244283965,61.436715799732006,239.385,16.4337,1600.76,527.534,1,1600.76,527.4638987149231,1,13,61.437,/data/data/com.termux/files/home/OMEGA_EMPIRE/UV_QDS/data/rotmods_rc/qds_fit_out_flatboost_20251213_003324/F571-8_QDS_bestfit.csv
qds_fit_out_flatboost_20251213_003324,F571-V1,7,206.228,0.427007,29.4612,0.0854015,99.79294421708013,99.71012212672939,80.3965,4.69629,206.228,7.427007,1,206.228,4.318827298110627,1,7,99.710,/data/data/com.termux/files/home/OMEGA_EMPIRE/UV_QDS/data/rotmods_rc/qds_fit_out_flatboost_20251213_003324/F571-V1_QDS_bestfit.csv
qds_fit_out_flatboost_20251213_003324,F574-1,14,889.951,3.76058,63.5679,0.313382,99.57743965679009,99.5070121869686,84.4094,2.94483,889.951,8.85148909090909,1,889.951,9.038694659230517,1,14,99.507,/data/data/com.termux/files/home/OMEGA_EMPIRE/UV_QDS/data/rotmods_rc/qds_fit_out_flatboost_20251213_003324/F574-1_QDS_bestfit.csv
qds_fit_out_flatboost_20251213_005057,F574-2,5,3.3569881462025783,3.3569881462025783,0.6713976292405157,1.1189960487341928,0.0,0.0,0.0,0.005,3.3569881462025783,13.356988146202578,0,3.3569881462025783,6.575863971070779,0,5,0.0,/data/data/com.termux/files/home/OMEGA_EMPIRE/UV_QDS/data/rotmods_rc/qds_fit_out_flatboost_20251213_005057/F574-2_QDS_bestfit.csv
qds_fit_out_flatboost_20251213_005109,F579-V1,14,192.09790381468886,0.4267040801494537,13.721278843906347,0.03555867334578781,99.77787155836896,99.74085015143046,83.4,0.8085977015833735,192.09790381468886,5.517613171058545,1,192.09790381468886,5.70481873937997,1,14,99.77787155836896,/data/data/com.termux/files/home/OMEGA_EMPIRE/UV_QDS/data/rotmods_rc/qds_fit_out_flatboost_20251213_005109/F579-V1_QDS_bestfit.csv
qds_fit_out_flatboost_20251213_003324,F583-1,25,905.976,8.34642,36.239,0.362888,99.078737185091,98.99862578989487,83.2756,3.93819,905.976,12.891874545454545,1,905.976,14.7841716497364,1,25,98.999,/data/data/com.termux/files/home/OMEGA_EMPIRE/UV_QDS/data/rotmods_rc/qds_fit_out_flatboost_20251213_003324/F583-1_QDS_bestfit.csv
qds_fit_out_flatboost_20251213_003324,F583-4,12,209.296,3.52223,17.4413,0.352223,98.31710591697882,97.98052324081348,55.1854,2.56578,209.296,8.855563333333334,1,209.296,8.492043299576,1,12,97.981,/data/data/com.termux/files/home/OMEGA_EMPIRE/UV_QDS/data/rotmods_rc/qds_fit_out_flatboost_20251213_003324/F583-4_QDS_bestfit.csv
qds_fit_out_flatboost_20251213_003324,IC2574,34,7407.34,86.2142,217.863,2.69419,98.83609770848913,98.76335587043233,134.025,18.7995,7407.34,90.60129677419356,1,7407.34,93.26692104923232,1,34,98.763,/data/data/com.termux/files/home/OMEGA_EMPIRE/UV_QDS/data/rotmods_rc/qds_fit_out_flatboost_20251213_003324/IC2574_QDS_bestfit.csv
qds_fit_out_flatboost_20251213_005057,IC4202,32,1850.4739547012236,1616.2364063754828,57.82731108441324,53.87454687918276,12.658246160701067,6.835462571414474,550.0,92.83177667225561,1850.4739547012236,1620.6501994789312,1,1850.4739547012236,1623.1678781810822,1,32,12.658246160701067,/data/data/com.termux/files/home/OMEGA_EMPIRE/UV_QDS/data/rotmods_rc/qds_fit_out_flatboost_20251213_005057/IC4202_QDS_bestfit.csv
qds_fit_out_flatboost_20251213_003324,KK98-251,15,228.241,4.55582,15.2161,0.350448,98.00394320038906,97.6968605621677,52.6556,3.93819,228.241,9.55582,1,228.241,9.97192040220442,1,15,97.697,/data/data/com.termux/files/home/OMEGA_EMPIRE/UV_QDS/data/rotmods_rc/qds_fit_out_flatboost_20251213_003324/KK98-251_QDS_bestfit.csv
qds_fit_out_flatboost_20251213_003324,NGC0024,29,1588.69,15.9766,54.7823,0.591725,98.99435383869728,98.9198609769944,94.4302,1.28673,1588.69,20.438138461538458,1,1588.69,22.711191659972947,1,29,98.920,/data/data/com.termux/files/home/OMEGA_EMPIRE/UV_QDS/data/rotmods_rc/qds_fit_out_flatboost_20251213_003324/NGC0024_QDS_bestfit.csv
qds_fit_out_flatboost_20251213_003324,NGC0055,21,1263.1,47.1989,60.1477,2.48415,96.26324914891931,95.86991688792756,84.3862,7.06207,1263.1,51.865566666666666,1,1263.1,53.28794487544685,1,21,95.870,/data/data/com.termux/files/home/OMEGA_EMPIRE/UV_QDS/data/rotmods_rc/qds_fit_out_flatboost_20251213_003324/NGC0055_QDS_bestfit.csv
qds_fit_out_flatboost_20251213_003324,NGC0100,21,473.5,7.80928,22.5476,0.411015,98.3507328405491,98.17712306409551,123.397,9.0488,473.5,12.475946666666667,1,473.5,13.898324875446846,1,21,98.177,/data/data/com.termux/files/home/OMEGA_EMPIRE/UV_QDS/data/rotmods_rc/qds_fit_out_flatboost_20251213_003324/NGC0100_QDS_bestfit.csv
qds_fit_out_flatboost_20251213_003324,NGC0247,26,4174.91,74.5328,160.573,3.10553,98.2147447489886,98.06596999495557,70.3685,2.52003,4174.91,79.05453913043478,1,4174.91,81.04899307604296,1,26,98.066,/data/data/com.termux/files/home/OMEGA_EMPIRE/UV_QDS/data/rotmods_rc/qds_fit_out_flatboost_20251213_003324/NGC0247_QDS_bestfit.csv
qds_fit_out_flatboost_20251213_003324,NGC0289,28,2037.15,65.6466,72.7553,2.52487,96.77752742802444,96.52964113954586,147.172,16.669,2037.15,70.12660000000001,1,2037.15,72.31100902035041,1,28,96.530,/data/data/com.termux/files/home/OMEGA_EMPIRE/UV_QDS/data/rotmods_rc/qds_fit_out_flatboost_20251213_003324/NGC0289_QDS_bestfit.csv
qds_fit_out_flatboost_20251213_003324,NGC0300,25,2506.84,10.0041,100.273,0.434963,99.60092786137128,99.56622121608011,89.9599,3.93819,2506.84,14.549554545454544,1,2506.84,16.4418516497364,1,25,99.566,/data/data/com.termux/files/home/OMEGA_EMPIRE/UV_QDS/data/rotmods_rc/qds_fit_out_flatboost_20251213_003324/NGC0300_QDS_bestfit.csv
qds_fit_out_flatboost_20251213_005109,NGC0801,13,686.6401884647383,511.0010500916943,52.8184760357491,46.45464091742676,25.579501655118136,12.048501956048698,302.45,130.76604860118292,686.6401884647383,516.2010500916944,1,686.6401884647383,516.1309488066174,1,13,25.579501655118136,/data/data/com.termux/files/home/OMEGA_EMPIRE/UV_QDS/data/rotmods_rc/qds_fit_out_flatboost_20251213_005109/NGC0801_QDS_bestfit.csv
qds_fit_out_flatboost_20251213_005057,NGC0891,18,3702.4594000942234,3702.4594000942234,205.69218889412352,231.40371250588896,0.0,0.0,0.0,0.005,3702.4594000942234,3707.2594000942236,0,3702.4594000942234,3708.240143610016,0,18,0.0,/data/data/com.termux/files/home/OMEGA_EMPIRE/UV_QDS/data/rotmods_rc/qds_fit_out_flatboost_20251213_005057/NGC0891_QDS_bestfit.csv
qds_fit_out_flatboost_20251213_003324,NGC1003,36,15108.0,88.1922,419.666,2.59389,99.41625496425735,99.381915618611,108.844,10.0422,15108.0,92.55583636363636,1,15108.0,95.35923787691222,1,36,99.382,/data/data/com.termux/files/home/OMEGA_EMPIRE/UV_QDS/data/rotmods_rc/qds_fit_out_flatboost_20251213_003324/NGC1003_QDS_bestfit.csv
qds_fit_out_flatboost_20251213_005109,NGC1090,24,2278.5320691291327,164.58274475689933,94.93883621371386,7.481033852586333,92.77680806047185,92.12015424778748,241.20000000000002,47.28708045015874,2278.5320691291327,169.15417332832791,1,2278.5320691291327,170.93885241759523,1,24,92.77680806047185,/data/data/com.termux/files/home/OMEGA_EMPIRE/UV_QDS/data/rotmods_rc/qds_fit_out_flatboost_20251213_005109/NGC1090_QDS_bestfit.csv
qds_fit_out_flatboost_20251213_003324,NGC1705,14,922.977,2.78283,65.9269,0.231903,99.69849411198763,99.64824221979192,64.7622,0.579048,922.977,7.873739090909091,1,922.977,8.060944659230517,1,14,99.648,/data/data/com.termux/files/home/OMEGA_EMPIRE/UV_QDS/data/rotmods_rc/qds_fit_out_flatboost_20251213_003324/NGC1705_QDS_bestfit.csv
qds_fit_out_flatboost_20251213_003324,NGC2366,26,1674.49,54.9206,64.4034,2.28836,96.72015957097385,96.44683355226589,52.4832,2.70956,1674.49,59.44233913043478,1,1674.49,61.43679307604297,1,26,96.447,/data/data/com.termux/files/home/OMEGA_EMPIRE/UV_QDS/data/rotmods_rc/qds_fit_out_flatboost_20251213_003324/NGC2366_QDS_bestfit.csv
qds_fit_out_flatboost_20251213_003324,NGC2403,73,149505.0,1627.98,2048.01,22.9293,98.9110865857329,98.88041074018193,120.948,5.92493,149505.0,1632.1514285714286,1,149505.0,1636.5609188822968,1,73,98.880,/data/data/com.termux/files/home/OMEGA_EMPIRE/UV_QDS/data/rotmods_rc/qds_fit_out_flatboost_20251213_003324/NGC2403_QDS_bestfit.csv
qds_fit_out_flatboost_20251213_003324,NGC2683,11,136.785,51.9523,12.435,5.77248,62.01900793215629,53.57876960193004,208.728,40.0,136.785,57.4523,1,136.785,56.74809054559674,1,11,53.579,/data/data/com.termux/files/home/OMEGA_EMPIRE/UV_QDS/data/rotmods_rc/qds_fit_out_flatboost_20251213_003324/NGC2683_QDS_bestfit.csv
qds_fit_out_flatboost_20251213_003324,NGC2841,50,20497.7,104.835,409.953,2.18405,99.48855237416882,99.46724380599727,238.882,10.0422,20497.7,109.09031914893616,1,20497.7,112.65904601085629,1,50,99.467,/data/data/com.termux/files/home/OMEGA_EMPIRE/UV_QDS/data/rotmods_rc/qds_fit_out_flatboost_20251213_003324/NGC2841_QDS_bestfit.csv
qds_fit_out_flatboost_20251213_005057,NGC2903,34,7660.350923148167,6084.669592517665,225.30443891612254,190.14592476617702,20.56931002820098,15.604891904963536,482.0,92.83177667225561,7660.350923148167,6089.056689291858,1,7660.350923148167,6091.722313566896,1,34,20.56931002820098,/data/data/com.termux/files/home/OMEGA_EMPIRE/UV_QDS/data/rotmods_rc/qds_fit_out_flatboost_20251213_005057/NGC2903_QDS_bestfit.csv
qds_fit_out_flatboost_20251213_003324,NGC2915,30,1501.88,28.246,50.0628,1.00879,98.11929048925346,97.98495090166752,79.1993,1.63777,1501.88,32.69044444444444,1,1501.88,35.04839476332431,1,30,97.985,/data/data/com.termux/files/home/OMEGA_EMPIRE/UV_QDS/data/rotmods_rc/qds_fit_out_flatboost_20251213_003324/NGC2915_QDS_bestfit.csv
qds_fit_out_flatboost_20251213_005057,NGC2955,24,1386.1382126706112,1386.1382126706112,57.75575886127547,63.00628239411869,0.0,0.0,0.0,0.005,1386.1382126706112,1390.7096412420399,0,1386.1382126706112,1392.494320331307,0,24,0.0,/data/data/com.termux/files/home/OMEGA_EMPIRE/UV_QDS/data/rotmods_rc/qds_fit_out_flatboost_20251213_005057/NGC2955_QDS_bestfit.csv
qds_fit_out_flatboost_20251213_005057,NGC2976,27,28.27037387570732,28.27037387570732,1.0470508842854562,1.1308149550282929,0.0,0.0,0.0,0.005,28.27037387570732,32.77037387570732,0,28.27037387570732,34.86204760771598,0,27,0.0,/data/data/com.termux/files/home/OMEGA_EMPIRE/UV_QDS/data/rotmods_rc/qds_fit_out_flatboost_20251213_005057/NGC2976_QDS_bestfit.csv
qds_fit_out_flatboost_20251213_003324,NGC2998,13,2009.13,36.2845,154.548,3.29859,98.1940193018869,97.8656533892383,185.256,25.4263,2009.13,41.484500000000004,1,2009.13,41.414398714923074,1,13,97.866,/data/data/com.termux/files/home/OMEGA_EMPIRE/UV_QDS/data/rotmods_rc/qds_fit_out_flatboost_20251213_003324/NGC2998_QDS_bestfit.csv
qds_fit_out_flatboost_20251213_005057,NGC3109,25,3186.472441436965,4.9801220475955486,127.45889765747859,0.21652704554763255,99.84371049368468,99.83012010183117,83.07000000000001,4.3088693800637685,3186.472441436965,9.525576593050094,1,3186.472441436965,11.417873697331949,1,25,99.84371049368468,/data/data/com.termux/files/home/OMEGA_EMPIRE/UV_QDS/data/rotmods_rc/qds_fit_out_flatboost_20251213_005057/NGC3109_QDS_bestfit.csv
qds_fit_out_flatboost_20251213_003324,NGC3198,43,12645.3,338.771,294.076,8.26271,97.32097300973484,97.1902807437533,137.768,14.9175,12645.3,343.071,1,12645.3,346.2934002313871,1,43,97.190,/data/data/com.termux/files/home/OMEGA_EMPIRE/UV_QDS/data/rotmods_rc/qds_fit_out_flatboost_20251213_003324/NGC3198_QDS_bestfit.csv
qds_fit_out_flatboost_20251213_005109,NGC3521,41,1205.6353624276444,1161.2145422682577,29.405740547015718,29.774731853032247,3.684432419926851,0.0,355.25,47.28708045015874,1205.6353624276444,1165.5303317419418,1,1205.6353624276444,1168.6416864016662,1,41,3.684432419926851,/data/data/com.termux/files/home/OMEGA_EMPIRE/UV_QDS/data/rotmods_rc/qds_fit_out_flatboost_20251213_005109/NGC3521_QDS_bestfit.csv
qds_fit_out_flatboost_20251213_005109,NGC3726,12,257.3266487333951,219.86152768817493,21.44388739444959,21.986152768817494,14.559363062329437,0.0,388.0,130.76604860118292,257.3266487333951,225.19486102150827,1,257.3266487333951,224.83134098775093,1,12,14.559363062329437,/data/data/com.termux/files/home/OMEGA_EMPIRE/UV_QDS/data/rotmods_rc/qds_fit_out_flatboost_20251213_005109/NGC3726_QDS_bestfit.csv
qds_fit_out_flatboost_20251213_003324,NGC3741,21,2401.33,9.88654,114.349,0.520344,99.58828898985146,99.54495098339295,50.0579,2.18673,2401.33,14.553206666666666,1,2401.33,15.975584875446845,1,21,99.545,/data/data/com.termux/files/home/OMEGA_EMPIRE/UV_QDS/data/rotmods_rc/qds_fit_out_flatboost_20251213_003324/NGC3741_QDS_bestfit.csv
qds_fit_out_flatboost_20251213_003324,NGC3769,12,267.881,57.3765,22.3234,5.73765,78.58134768796592,74.29759803614144,109.076,10.944,267.881,62.709833333333336,1,267.881,62.346313299576,1,12,74.298,/data/data/com.termux/files/home/OMEGA_EMPIRE/UV_QDS/data/rotmods_rc/qds_fit_out_flatboost_20251213_003324/NGC3769_QDS_bestfit.csv
qds_fit_out_flatboost_20251213_005057,NGC3877,13,278.2137844219607,278.2137844219607,21.401060340150824,25.29216222017825,0.0,0.0,0.0,0.005,278.2137844219607,283.4137844219607,0,278.2137844219607,283.3436831368838,0,13,0.0,/data/data/com.termux/files/home/OMEGA_EMPIRE/UV_QDS/data/rotmods_rc/qds_fit_out_flatboost_20251213_005057/NGC3877_QDS_bestfit.csv
qds_fit_out_flatboost_20251213_005109,NGC3893,10,167.36185527416288,123.8891424989901,16.73618552741629,15.486142812373762,25.975281347089634,7.469101683862052,350.4,47.28708045015874,167.36185527416288,129.6034282132758,1,167.36185527416288,128.49431268497818,1,10,25.975281347089634,/data/data/com.termux/files/home/OMEGA_EMPIRE/UV_QDS/data/rotmods_rc/qds_fit_out_flatboost_20251213_005109/NGC3893_QDS_bestfit.csv
qds_fit_out_flatboost_20251213_003324,NGC3917,17,636.644,28.6756,37.4496,1.91171,95.49581869930446,94.89524587712553,96.8039,4.93156,636.644,33.53274285714286,1,636.644,34.34202668811243,1,17,94.895,/data/data/com.termux/files/home/OMEGA_EMPIRE/UV_QDS/data/rotmods_rc/qds_fit_out_flatboost_20251213_003324/NGC3917_QDS_bestfit.csv
qds_fit_out_flatboost_20251213_005057,NGC3949,7,196.6137062427716,196.6137062427716,28.087672320395942,39.32274124855432,0.0,0.0,0.0,0.005,196.6137062427716,203.6137062427716,0,196.6137062427716,200.50552654088222,0,7,0.0,/data/data/com.termux/files/home/OMEGA_EMPIRE/UV_QDS/data/rotmods_rc/qds_fit_out_flatboost_20251213_005057/NGC3949_QDS_bestfit.csv
qds_fit_out_flatboost_20251213_003324,NGC3953,8,69.0729,69.0729,8.63412,11.5122,0.0,0.0,0.0,0.2,69.0729,75.47290000000001,0,69.0729,73.23178308335967,0,8,-33.333,/data/data/com.termux/files/home/OMEGA_EMPIRE/UV_QDS/data/rotmods_rc/qds_fit_out_flatboost_20251213_003324/NGC3953_QDS_bestfit.csv
qds_fit_out_flatboost_20251213_003324,NGC3972,10,186.323,12.9322,18.6323,1.61652,93.05925731122835,91.3240984741551,120.754,6.91829,186.323,18.646485714285717,1,186.323,17.53737018598809,1,10,91.324,/data/data/com.termux/files/home/OMEGA_EMPIRE/UV_QDS/data/rotmods_rc/qds_fit_out_flatboost_20251213_003324/NGC3972_QDS_bestfit.csv
qds_fit_out_flatboost_20251213_003324,NGC3992,9,591.917,8.03825,65.7686,1.14832,98.64199710432375,98.2539996290023,187.586,17.048,591.917,14.03825,1,591.917,12.432699154672438,1,9,98.254,/data/data/com.termux/files/home/OMEGA_EMPIRE/UV_QDS/data/rotmods_rc/qds_fit_out_flatboost_20251213_003324/NGC3992_QDS_bestfit.csv
qds_fit_out_flatboost_20251213_003324,NGC4010,12,155.132,35.2086,12.9277,3.52086,77.30410231286905,72.76499299952813,258.0,28.6416,155.132,40.54193333333333,1,155.132,40.178413299576,1,12,72.765,/data/data/com.termux/files/home/OMEGA_EMPIRE/UV_QDS/data/rotmods_rc/qds_fit_out_flatboost_20251213_003324/NGC4010_QDS_bestfit.csv
qds_fit_out_flatboost_20251213_005109,NGC4013,36,2146.4851567021374,594.0764600543014,59.624587686170486,17.47283706042063,72.32329055715245,70.69524882522025,278.75,47.28708045015874,2146.4851567021374,598.4400964179378,1,2146.4851567021374,601.2434979312136,1,36,72.32329055715245,/data/data/com.termux/files/home/OMEGA_EMPIRE/UV_QDS/data/rotmods_rc/qds_fit_out_flatboost_20251213_005109/NGC4013_QDS_bestfit.csv
qds_fit_out_flatboost_20251213_003324,NGC4051,7,104.705,104.705,14.9579,20.9411,0.0,0.0,0.0,0.2,104.705,111.705,0,104.705,108.59682029811063,0,7,-40.000,/data/data/com.termux/files/home/OMEGA_EMPIRE/UV_QDS/data/rotmods_rc/qds_fit_out_flatboost_20251213_003324/NGC4051_QDS_bestfit.csv
qds_fit_out_flatboost_20251213_005057,NGC4068,6,27.225654655079808,5.247081082453721,4.537609109179968,1.3117702706134302,80.72743833370151,71.09115750055227,103.69500000000001,9.283177667225562,27.225654655079808,13.247081082453722,1,27.225654655079808,8.83060002090983,1,6,80.72743833370151,/data/data/com.termux/files/home/OMEGA_EMPIRE/UV_QDS/data/rotmods_rc/qds_fit_out_flatboost_20251213_005057/NGC4068_QDS_bestfit.csv
qds_fit_out_flatboost_20251213_003324,NGC4085,7,219.178,219.178,31.3112,43.8356,0.0,0.0,0.0,0.2,219.178,226.178,0,219.178,223.0698202981106,0,7,-40.000,/data/data/com.termux/files/home/OMEGA_EMPIRE/UV_QDS/data/rotmods_rc/qds_fit_out_flatboost_20251213_003324/NGC4085_QDS_bestfit.csv
qds_fit_out_flatboost_20251213_005057,NGC4088,12,619.0067617518001,619.0067617518001,51.58389681265001,61.90067617518001,0.0,0.0,0.0,0.005,619.0067617518001,624.3400950851335,0,619.0067617518001,623.9765750513761,0,12,0.0,/data/data/com.termux/files/home/OMEGA_EMPIRE/UV_QDS/data/rotmods_rc/qds_fit_out_flatboost_20251213_005057/NGC4088_QDS_bestfit.csv
qds_fit_out_flatboost_20251213_003324,NGC4100,24,538.952,57.1109,22.4563,2.59595,89.40334204159183,88.43999234067944,147.931,13.9241,538.952,61.68232857142857,1,538.952,63.46700766069589,1,24,88.440,/data/data/com.termux/files/home/OMEGA_EMPIRE/UV_QDS/data/rotmods_rc/qds_fit_out_flatboost_20251213_003324/NGC4100_QDS_bestfit.csv
qds_fit_out_flatboost_20251213_005057,NGC4138,7,29.006512619201253,14.08236068403147,4.14378751702875,2.816472136806294,51.45103836195234,32.031453706733274,297.0,43.08869380063769,29.006512619201253,21.08236068403147,1,29.006512619201253,17.974180982142094,1,7,51.45103836195234,/data/data/com.termux/files/home/OMEGA_EMPIRE/UV_QDS/data/rotmods_rc/qds_fit_out_flatboost_20251213_005057/NGC4138_QDS_bestfit.csv
qds_fit_out_flatboost_20251213_005057,NGC4157,17,360.66363295826085,312.132869441303,21.21550782107417,20.80885796275353,13.455962587326972,1.916757598970583,361.6,92.83177667225561,360.66363295826085,316.99001229844583,1,360.66363295826085,317.79929612941544,1,17,13.455962587326972,/data/data/com.termux/files/home/OMEGA_EMPIRE/UV_QDS/data/rotmods_rc/qds_fit_out_flatboost_20251213_005057/NGC4157_QDS_bestfit.csv
qds_fit_out_flatboost_20251213_003324,NGC4183,23,799.645,8.87369,34.7672,0.422557,98.89029631899155,98.78461020732185,83.6913,3.32388,799.645,13.47369,1,799.645,15.1446784318583,1,23,98.785,/data/data/com.termux/files/home/OMEGA_EMPIRE/UV_QDS/data/rotmods_rc/qds_fit_out_flatboost_20251213_003324/NGC4183_QDS_bestfit.csv
qds_fit_out_flatboost_20251213_003324,NGC4214,14,354.115,10.6619,25.2939,0.88849,96.98914194541321,96.48733489102116,76.2855,1.63777,354.115,15.75280909090909,1,354.115,15.940014659230517,1,14,96.487,/data/data/com.termux/files/home/OMEGA_EMPIRE/UV_QDS/data/rotmods_rc/qds_fit_out_flatboost_20251213_003324/NGC4214_QDS_bestfit.csv
qds_fit_out_flatboost_20251213_005109,NGC4217,19,1595.2945838913843,1595.2819933017356,83.96287283638864,93.84011725304327,0.0007892328962805609,0.0,259.20000000000005,361.6158854381023,1595.2945838913843,1600.0319933017356,0,1595.2945838913843,1601.1708712600685,0,19,0.0007892328962805609,/data/data/com.termux/files/home/OMEGA_EMPIRE/UV_QDS/data/rotmods_rc/qds_fit_out_flatboost_20251213_005109/NGC4217_QDS_bestfit.csv
qds_fit_out_flatboost_20251213_005057,NGC4389,6,479.21468814459195,479.21468814459195,79.86911469076533,119.80367203614799,0.0,0.0,0.0,0.005,479.21468814459195,487.21468814459195,0,479.21468814459195,482.79820708304806,0,6,0.0,/data/data/com.termux/files/home/OMEGA_EMPIRE/UV_QDS/data/rotmods_rc/qds_fit_out_flatboost_20251213_005057/NGC4389_QDS_bestfit.csv
qds_fit_out_flatboost_20251213_003324,NGC4559,32,789.706,84.7125,24.6783,2.82375,89.2729066260102,88.55776127204872,180.482,26.7987,789.706,89.12629310344828,1,789.706,91.64397180559946,1,32,88.558,/data/data/com.termux/files/home/OMEGA_EMPIRE/UV_QDS/data/rotmods_rc/qds_fit_out_flatboost_20251213_003324/NGC4559_QDS_bestfit.csv
qds_fit_out_flatboost_20251213_003324,NGC5005,18,251.416,251.416,13.9676,15.7135,0.0,0.0,0.0,0.2,251.416,256.216,0,251.416,257.1967435157923,0,18,-12.500,/data/data/com.termux/files/home/OMEGA_EMPIRE/UV_QDS/data/rotmods_rc/qds_fit_out_flatboost_20251213_003324/NGC5005_QDS_bestfit.csv
qds_fit_out_flatboost_20251213_003324,NGC5033,22,8013.52,349.861,364.251,17.493,95.63411584422326,95.19754235403609,159.458,10.1859,8013.52,354.49257894736843,1,8013.52,356.0430849067166,1,22,95.198,/data/data/com.termux/files/home/OMEGA_EMPIRE/UV_QDS/data/rotmods_rc/qds_fit_out_flatboost_20251213_003324/NGC5033_QDS_bestfit.csv
qds_fit_out_flatboost_20251213_005109,NGC5055,28,95924.3995797387,84423.21309201283,3425.8714135620967,3247.0466573851086,11.989844646528468,5.219832696261434,404.25,130.76604860118292,95924.3995797387,84427.69309201282,1,95924.3995797387,84429.87750103317,1,28,11.989844646528468,/data/data/com.termux/files/home/OMEGA_EMPIRE/UV_QDS/data/rotmods_rc/qds_fit_out_flatboost_20251213_005109/NGC5055_QDS_bestfit.csv
qds_fit_out_flatboost_20251213_003324,NGC5371,19,2412.54,2412.54,126.976,141.914,0.0,0.0,0.0,0.2,2412.54,2417.29,0,2412.54,2418.428877958333,0,19,-11.765,/data/data/com.termux/files/home/OMEGA_EMPIRE/UV_QDS/data/rotmods_rc/qds_fit_out_flatboost_20251213_003324/NGC5371_QDS_bestfit.csv
qds_fit_out_flatboost_20251213_003324,NGC5585,24,4190.32,347.025,174.597,15.7739,91.71841291357222,90.96553778129064,148.165,12.9308,4190.32,351.59642857142853,1,4190.32,353.3811076606959,1,24,90.966,/data/data/com.termux/files/home/OMEGA_EMPIRE/UV_QDS/data/rotmods_rc/qds_fit_out_flatboost_20251213_003324/NGC5585_QDS_bestfit.csv
qds_fit_out_flatboost_20251213_003324,NGC5907,19,4802.41,86.6412,252.759,5.09654,98.19588081817254,97.98363658662996,226.897,39.1373,4802.41,91.3912,1,4802.41,92.53007795833288,1,19,97.984,/data/data/com.termux/files/home/OMEGA_EMPIRE/UV_QDS/data/rotmods_rc/qds_fit_out_flatboost_20251213_003324/NGC5907_QDS_bestfit.csv
qds_fit_out_flatboost_20251213_005057,NGC5985,33,8469.007978171463,113.41730603552541,256.63660539913525,3.6586227753395293,98.66079585321145,98.57439558567671,198.0,2.0000000000000004,8469.007978171463,117.81730603552542,1,8469.007978171463,120.41032115845837,1,33,98.66079585321145,/data/data/com.termux/files/home/OMEGA_EMPIRE/UV_QDS/data/rotmods_rc/qds_fit_out_flatboost_20251213_005057/NGC5985_QDS_bestfit.csv
qds_fit_out_flatboost_20251213_003324,NGC6015,44,4753.17,393.806,108.027,9.37632,91.71487659814397,91.32039212419117,143.703,11.3231,4753.17,398.09868292682927,1,4753.17,401.3743792678365,1,44,91.320,/data/data/com.termux/files/home/OMEGA_EMPIRE/UV_QDS/data/rotmods_rc/qds_fit_out_flatboost_20251213_003324/NGC6015_QDS_bestfit.csv
qds_fit_out_flatboost_20251213_005057,NGC6195,23,1354.457591872274,1354.457591872274,58.88946051618582,64.49798056534638,0.0,0.0,0.0,0.005,1354.457591872274,1359.0575918722739,0,1354.457591872274,1360.7285803041323,0,23,0.0,/data/data/com.termux/files/home/OMEGA_EMPIRE/UV_QDS/data/rotmods_rc/qds_fit_out_flatboost_20251213_005057/NGC6195_QDS_bestfit.csv
qds_fit_out_flatboost_20251213_003324,NGC6503,31,25645.1,535.294,827.26,18.4584,97.91268507434168,97.76873050794188,106.178,6.68302,25645.1,539.7225714285714,1,25645.1,542.1619744089703,1,31,97.769,/data/data/com.termux/files/home/OMEGA_EMPIRE/UV_QDS/data/rotmods_rc/qds_fit_out_flatboost_20251213_003324/NGC6503_QDS_bestfit.csv
qds_fit_out_flatboost_20251213_003324,NGC6674,15,15435.5,103.005,1029.03,7.92343,99.33267467850087,99.23000981506856,206.233,20.3157,15435.5,108.005,1,15435.5,108.42110040220442,1,15,99.230,/data/data/com.termux/files/home/OMEGA_EMPIRE/UV_QDS/data/rotmods_rc/qds_fit_out_flatboost_20251213_003324/NGC6674_QDS_bestfit.csv
qds_fit_out_flatboost_20251213_003324,NGC6789,4,57.5114,0.556196,14.3778,0.278098,99.0328943479032,98.06578196942507,120.8,1.28673,57.5114,16.556196,1,57.5114,3.328784722239781,1,4,98.066,/data/data/com.termux/files/home/OMEGA_EMPIRE/UV_QDS/data/rotmods_rc/qds_fit_out_flatboost_20251213_003324/NGC6789_QDS_bestfit.csv
qds_fit_out_flatboost_20251213_005057,NGC6946,58,5002.1570130611935,5002.1570130611935,86.24408643208955,89.32423237609274,0.0,0.0,0.0,0.005,5002.1570130611935,5006.375194879375,0,5002.1570130611935,5010.277899082286,0,58,0.0,/data/data/com.termux/files/home/OMEGA_EMPIRE/UV_QDS/data/rotmods_rc/qds_fit_out_flatboost_20251213_005057/NGC6946_QDS_bestfit.csv
qds_fit_out_flatboost_20251213_005109,NGC7331,36,5836.340003639706,5564.921516650208,162.1205556566585,163.6741622544179,4.650491349377071,0.0,423.0,130.76604860118292,5836.340003639706,5569.285153013844,1,5836.340003639706,5572.08855452712,1,36,4.650491349377071,/data/data/com.termux/files/home/OMEGA_EMPIRE/UV_QDS/data/rotmods_rc/qds_fit_out_flatboost_20251213_005109/NGC7331_QDS_bestfit.csv
qds_fit_out_flatboost_20251213_003324,NGC7793,46,116.893,58.499,2.54114,1.32952,49.95508713096592,47.68017503954918,200.838,20.5509,116.893,62.77806976744186,1,116.893,66.15628279297819,1,46,47.680,/data/data/com.termux/files/home/OMEGA_EMPIRE/UV_QDS/data/rotmods_rc/qds_fit_out_flatboost_20251213_003324/NGC7793_QDS_bestfit.csv
qds_fit_out_flatboost_20251213_003324,NGC7814,18,2811.54,130.106,156.197,8.13165,95.37242934477192,94.7939781173774,225.576,13.6366,2811.54,134.906,1,2811.54,135.88674351579232,1,18,94.794,/data/data/com.termux/files/home/OMEGA_EMPIRE/UV_QDS/data/rotmods_rc/qds_fit_out_flatboost_20251213_003324/NGC7814_QDS_bestfit.csv
qds_fit_out_flatboost_20251213_005057,PGC51017,6,19.46689270546431,19.46689270546431,3.2444821175773852,4.866723176366078,0.0,0.0,0.0,0.005,19.46689270546431,27.46689270546431,0,19.46689270546431,23.05041164392042,0,6,0.0,/data/data/com.termux/files/home/OMEGA_EMPIRE/UV_QDS/data/rotmods_rc/qds_fit_out_flatboost_20251213_005057/PGC51017_QDS_bestfit.csv
qds_fit_out_flatboost_20251213_003324,UGC00128,22,98063.6,128.204,4457.44,6.41021,99.86926443654936,99.85619077317922,116.001,6.44775,98063.6,132.83557894736842,1,98063.6,134.38608490671663,1,22,99.856,/data/data/com.termux/files/home/OMEGA_EMPIRE/UV_QDS/data/rotmods_rc/qds_fit_out_flatboost_20251213_003324/UGC00128_QDS_bestfit.csv
qds_fit_out_flatboost_20251213_003324,UGC00191,9,4689.45,22.0783,521.05,3.15405,99.52919212274361,99.39467421552634,66.8046,1.92532,4689.45,28.0783,1,4689.45,26.47274915467244,1,9,99.395,/data/data/com.termux/files/home/OMEGA_EMPIRE/UV_QDS/data/rotmods_rc/qds_fit_out_flatboost_20251213_003324/UGC00191_QDS_bestfit.csv
qds_fit_out_flatboost_20251213_003324,UGC00634,4,4754.9,2.49281,1188.73,1.24641,99.9475738711645,99.89514776273839,104.276,5.68966,4754.9,18.49281,1,4754.9,5.265398722239781,1,4,99.895,/data/data/com.termux/files/home/OMEGA_EMPIRE/UV_QDS/data/rotmods_rc/qds_fit_out_flatboost_20251213_003324/UGC00634_QDS_bestfit.csv
qds_fit_out_flatboost_20251213_003324,UGC00731,12,2089.65,3.04196,174.137,0.304196,99.8544272964372,99.82531225414472,62.6509,1.63777,2089.65,8.375293333333333,1,2089.65,8.011773299576001,1,12,99.825,/data/data/com.termux/files/home/OMEGA_EMPIRE/UV_QDS/data/rotmods_rc/qds_fit_out_flatboost_20251213_003324/UGC00731_QDS_bestfit.csv
qds_fit_out_flatboost_20251213_003324,UGC00891,5,7359.36,3.13429,1471.87,1.04476,99.9574108346378,99.92901818774754,73.9877,4.69629,7359.36,13.13429,1,7359.36,6.353165824868201,1,5,99.929,/data/data/com.termux/files/home/OMEGA_EMPIRE/UV_QDS/data/rotmods_rc/qds_fit_out_flatboost_20251213_003324/UGC00891_QDS_bestfit.csv
qds_fit_out_flatboost_20251213_003324,UGC01230,11,168.845,3.82748,15.3495,0.425276,97.73313986200361,97.22938206456237,91.3649,2.94483,168.845,9.32748,1,168.845,8.62327054559674,1,11,97.229,/data/data/com.termux/files/home/OMEGA_EMPIRE/UV_QDS/data/rotmods_rc/qds_fit_out_flatboost_20251213_003324/UGC01230_QDS_bestfit.csv
qds_fit_out_flatboost_20251213_003324,UGC01281,25,432.635,7.58183,17.3054,0.329645,98.24752273856714,98.09513215528101,68.2053,3.32388,432.635,12.127284545454545,1,432.635,14.019581649736402,1,25,98.095,/data/data/com.termux/files/home/OMEGA_EMPIRE/UV_QDS/data/rotmods_rc/qds_fit_out_flatboost_20251213_003324/UGC01281_QDS_bestfit.csv
qds_fit_out_flatboost_20251213_005109,UGC02023,5,5.180715630751629,1.6752510552260889,1.0361431261503258,0.5584170184086963,67.66371338194757,46.10618896991264,167.59999999999997,17.09975946676695,5.180715630751629,11.675251055226088,0,5.180715630751629,4.894126880094289,1,5,67.66371338194757,/data/data/com.termux/files/home/OMEGA_EMPIRE/UV_QDS/data/rotmods_rc/qds_fit_out_flatboost_20251213_005109/UGC02023_QDS_bestfit.csv
qds_fit_out_flatboost_20251213_003324,UGC02259,8,3456.09,10.4818,432.011,1.74697,99.69671507397088,99.59561909303235,72.7685,1.06266,3456.09,16.8818,1,3456.09,14.640683083359672,1,8,99.596,/data/data/com.termux/files/home/OMEGA_EMPIRE/UV_QDS/data/rotmods_rc/qds_fit_out_flatboost_20251213_003324/UGC02259_QDS_bestfit.csv
qds_fit_out_flatboost_20251213_003324,UGC02455,8,755.711,755.711,94.4639,125.952,0.0,0.0,0.0,0.2,755.711,762.111,0,755.711,759.8698830833597,0,8,-33.333,/data/data/com.termux/files/home/OMEGA_EMPIRE/UV_QDS/data/rotmods_rc/qds_fit_out_flatboost_20251213_003324/UGC02455_QDS_bestfit.csv
qds_fit_out_flatboost_20251213_005057,UGC02487,17,22944.56708166511,52.51861773971736,1349.680416568536,3.501241182647824,99.77110652141401,99.74058739093589,265.2,9.283177667225562,22944.56708166511,57.37576059686021,1,22944.56708166511,58.18504442782979,1,17,99.77110652141401,/data/data/com.termux/files/home/OMEGA_EMPIRE/UV_QDS/data/rotmods_rc/qds_fit_out_flatboost_20251213_005057/UGC02487_QDS_bestfit.csv
qds_fit_out_flatboost_20251213_005109,UGC02885,19,913.9791734346073,24.372434951865365,48.10416702287407,1.4336726442273744,97.33337086223999,97.0196497872094,297.0,47.28708045015874,913.9791734346073,29.122434951865365,1,913.9791734346073,30.261312910198246,1,19,97.33337086223999,/data/data/com.termux/files/home/OMEGA_EMPIRE/UV_QDS/data/rotmods_rc/qds_fit_out_flatboost_20251213_005109/UGC02885_QDS_bestfit.csv
qds_fit_out_flatboost_20251213_005057,UGC02916,43,10405.883490443955,10405.883490443955,241.99729047544082,253.8020363522916,0.0,0.0,0.0,0.005,10405.883490443955,10410.183490443955,0,10405.883490443955,10413.405890675343,0,43,0.0,/data/data/com.termux/files/home/OMEGA_EMPIRE/UV_QDS/data/rotmods_rc/qds_fit_out_flatboost_20251213_005057/UGC02916_QDS_bestfit.csv
qds_fit_out_flatboost_20251213_003324,UGC02953,115,61012.3,8503.51,530.542,75.2523,86.06262999427983,85.81595802028869,279.924,30.2493,61012.3,8507.617142857143,1,61012.3,8512.999864256726,1,115,85.816,/data/data/com.termux/files/home/OMEGA_EMPIRE/UV_QDS/data/rotmods_rc/qds_fit_out_flatboost_20251213_003324/UGC02953_QDS_bestfit.csv
qds_fit_out_flatboost_20251213_003324,UGC03205,48,7923.88,176.531,165.081,3.83764,97.77216464661252,97.67529879271389,212.483,22.1586,7923.88,180.7976666666667,1,7923.88,184.2734020218158,1,48,97.675,/data/data/com.termux/files/home/OMEGA_EMPIRE/UV_QDS/data/rotmods_rc/qds_fit_out_flatboost_20251213_003324/UGC03205_QDS_bestfit.csv
qds_fit_out_flatboost_20251213_005057,UGC03546,30,2549.933887552689,760.0039172308327,84.9977962517563,27.14299704395831,70.19515208058002,68.06623437205002,516.6,92.83177667225561,2549.933887552689,764.4483616752772,1,2549.933887552689,766.806311994157,1,30,70.19515208058002,/data/data/com.termux/files/home/OMEGA_EMPIRE/UV_QDS/data/rotmods_rc/qds_fit_out_flatboost_20251213_005057/UGC03546_QDS_bestfit.csv
qds_fit_out_flatboost_20251213_003324,UGC03580,47,14962.1,4709.65,318.343,104.659,68.5228009437178,67.12382555922386,160.125,18.6557,14962.1,4713.922727272727,1,14962.1,4717.35029520342,1,47,67.124,/data/data/com.termux/files/home/OMEGA_EMPIRE/UV_QDS/data/rotmods_rc/qds_fit_out_flatboost_20251213_003324/UGC03580_QDS_bestfit.csv
qds_fit_out_flatboost_20251213_003324,UGC04278,25,789.474,10.2897,31.579,0.44738,98.6966385213446,98.58329902783495,183.449,11.5584,789.474,14.835154545454545,1,789.474,16.727451649736402,1,25,98.583,/data/data/com.termux/files/home/OMEGA_EMPIRE/UV_QDS/data/rotmods_rc/qds_fit_out_flatboost_20251213_003324/UGC04278_QDS_bestfit.csv
qds_fit_out_flatboost_20251213_003324,UGC04305,22,51.495,51.495,2.34068,2.57475,0.0,0.0,0.0,0.2,51.495,56.126578947368415,0,51.495,57.67708490671663,0,22,-10.000,/data/data/com.termux/files/home/OMEGA_EMPIRE/UV_QDS/data/rotmods_rc/qds_fit_out_flatboost_20251213_003324/UGC04305_QDS_bestfit.csv
qds_fit_out_flatboost_20251213_003324,UGC04325,8,1071.73,4.61782,133.966,0.769637,99.56912468625494,99.42549826075273,76.0475,0.953427,1071.73,11.01782,1,1071.73,8.77670308335967,1,8,99.425,/data/data/com.termux/files/home/OMEGA_EMPIRE/UV_QDS/data/rotmods_rc/qds_fit_out_flatboost_20251213_003324/UGC04325_QDS_bestfit.csv
qds_fit_out_flatboost_20251213_005057,UGC04483,8,171.8106694761895,3.0288439315316533,21.476333684523688,0.5048073219219422,98.2371037021357,97.64947160284758,19.72,0.43088693800637684,171.8106694761895,9.428843931531654,1,171.8106694761895,7.187727014891324,1,8,98.2371037021357,/data/data/com.termux/files/home/OMEGA_EMPIRE/UV_QDS/data/rotmods_rc/qds_fit_out_flatboost_20251213_005057/UGC04483_QDS_bestfit.csv
qds_fit_out_flatboost_20251213_003324,UGC04499,9,552.482,5.56294,61.3869,0.794706,98.99310022769973,98.70541434736076,62.9049,2.94483,552.482,11.562940000000001,1,552.482,9.95738915467244,1,9,98.705,/data/data/com.termux/files/home/OMEGA_EMPIRE/UV_QDS/data/rotmods_rc/qds_fit_out_flatboost_20251213_003324/UGC04499_QDS_bestfit.csv
qds_fit_out_flatboost_20251213_003324,UGC05005,11,117.888,0.707458,10.7171,0.0786064,99.39988972584148,99.26653292401862,101.544,11.7936,117.888,6.207458,1,117.888,5.503248545596741,1,11,99.267,/data/data/com.termux/files/home/OMEGA_EMPIRE/UV_QDS/data/rotmods_rc/qds_fit_out_flatboost_20251213_003324/UGC05005_QDS_bestfit.csv
qds_fit_out_flatboost_20251213_003324,UGC05253,73,12202.1,8214.88,167.152,115.703,32.676506502979,30.779769311764138,209.965,24.2891,12202.1,8219.051428571427,1,12202.1,8223.460918882296,1,73,30.780,/data/data/com.termux/files/home/OMEGA_EMPIRE/UV_QDS/data/rotmods_rc/qds_fit_out_flatboost_20251213_003324/UGC05253_QDS_bestfit.csv
qds_fit_out_flatboost_20251213_003324,UGC05414,6,156.681,0.854101,26.1134,0.213525,99.45487902170653,99.18231635865111,102.192,6.91829,156.681,8.854101,1,156.681,4.43761993845611,1,6,99.182,/data/data/com.termux/files/home/OMEGA_EMPIRE/UV_QDS/data/rotmods_rc/qds_fit_out_flatboost_20251213_003324/UGC05414_QDS_bestfit.csv
qds_fit_out_flatboost_20251213_003324,UGC05716,12,23629.6,23.735,1969.13,2.3735,99.89955394928396,99.87946453509926,66.9724,2.70956,23629.6,29.06833333333333,1,23629.6,28.704813299576,1,12,99.879,/data/data/com.termux/files/home/OMEGA_EMPIRE/UV_QDS/data/rotmods_rc/qds_fit_out_flatboost_20251213_003324/UGC05716_QDS_bestfit.csv
qds_fit_out_flatboost_20251213_003324,UGC05721,23,1439.42,11.4736,62.5836,0.546364,99.20290116852621,99.12698534440334,73.4584,0.891809,1439.42,16.0736,1,1439.42,17.744588431858297,1,23,99.127,/data/data/com.termux/files/home/OMEGA_EMPIRE/UV_QDS/data/rotmods_rc/qds_fit_out_flatboost_20251213_003324/UGC05721_QDS_bestfit.csv
qds_fit_out_flatboost_20251213_003324,UGC05750,11,86.201,1.64415,7.83645,0.182683,98.09265553763878,97.66880411410779,71.6707,6.30397,86.201,7.14415,1,86.201,6.439940545596741,1,11,97.669,/data/data/com.termux/files/home/OMEGA_EMPIRE/UV_QDS/data/rotmods_rc/qds_fit_out_flatboost_20251213_003324/UGC05750_QDS_bestfit.csv
qds_fit_out_flatboost_20251213_003324,UGC05764,10,19741.7,26.1427,1974.17,3.26784,99.867576247233,99.83447018240578,50.4307,0.660272,19741.7,31.856985714285717,1,19741.7,30.74787018598809,1,10,99.834,/data/data/com.termux/files/home/OMEGA_EMPIRE/UV_QDS/data/rotmods_rc/qds_fit_out_flatboost_20251213_003324/UGC05764_QDS_bestfit.csv
qds_fit_out_flatboost_20251213_003324,UGC05829,11,187.509,1.36884,17.0463,0.152094,99.26998704062206,99.10775945513102,58.0791,2.94483,187.509,6.8688400000000005,1,187.509,6.164630545596742,1,11,99.108,/data/data/com.termux/files/home/OMEGA_EMPIRE/UV_QDS/data/rotmods_rc/qds_fit_out_flatboost_20251213_003324/UGC05829_QDS_bestfit.csv
qds_fit_out_flatboost_20251213_003324,UGC05918,8,174.95,0.267853,21.8688,0.0446422,99.84689739925692,99.79586351331578,37.0322,1.06266,174.95,6.667852999999999,1,174.95,4.426736083359671,1,8,99.796,/data/data/com.termux/files/home/OMEGA_EMPIRE/UV_QDS/data/rotmods_rc/qds_fit_out_flatboost_20251213_003324/UGC05918_QDS_bestfit.csv
qds_fit_out_flatboost_20251213_003324,UGC05986,15,2612.38,21.8658,174.158,1.68198,99.16299313269892,99.03422179859668,111.162,3.55915,2612.38,26.8658,1,2612.38,27.28190040220442,1,15,99.034,/data/data/com.termux/files/home/OMEGA_EMPIRE/UV_QDS/data/rotmods_rc/qds_fit_out_flatboost_20251213_003324/UGC05986_QDS_bestfit.csv
qds_fit_out_flatboost_20251213_003324,UGC05999,5,276.667,5.24355,55.3333,1.74785,98.10474324729728,96.84123303688737,94.647,7.06207,276.667,15.243549999999999,1,276.667,8.4624258248682,1,5,96.841,/data/data/com.termux/files/home/OMEGA_EMPIRE/UV_QDS/data/rotmods_rc/qds_fit_out_flatboost_20251213_003324/UGC05999_QDS_bestfit.csv
qds_fit_out_flatboost_20251213_003324,UGC06399,9,354.489,0.745097,39.3876,0.106442,99.78981096733608,99.72975758868273,81.8751,3.32388,354.489,6.745097,1,354.489,5.1395461546724395,1,9,99.730,/data/data/com.termux/files/home/OMEGA_EMPIRE/UV_QDS/data/rotmods_rc/qds_fit_out_flatboost_20251213_003324/UGC06399_QDS_bestfit.csv
qds_fit_out_flatboost_20251213_003324,UGC06446,17,1211.57,4.71627,71.2691,0.314418,99.61073070478801,99.55882984350862,71.8792,1.63777,1211.57,9.573412857142857,1,1211.57,10.382696688112432,1,17,99.559,/data/data/com.termux/files/home/OMEGA_EMPIRE/UV_QDS/data/rotmods_rc/qds_fit_out_flatboost_20251213_003324/UGC06446_QDS_bestfit.csv
qds_fit_out_flatboost_20251213_005057,UGC06614,13,209.37458012333613,66.46550907959666,16.10573693256432,6.04231900723606,68.25521558517568,62.48343660066217,402.5,92.83177667225561,209.37458012333613,71.66550907959666,1,209.37458012333613,71.59540779451973,1,13,68.25521558517568,/data/data/com.termux/files/home/OMEGA_EMPIRE/UV_QDS/data/rotmods_rc/qds_fit_out_flatboost_20251213_005057/UGC06614_QDS_bestfit.csv
qds_fit_out_flatboost_20251213_003324,UGC06628,7,6.67031,6.67031,0.952902,1.33406,0.0,0.0,0.0,0.2,6.67031,13.67031,0,6.67031,10.562130298110626,0,7,-40.000,/data/data/com.termux/files/home/OMEGA_EMPIRE/UV_QDS/data/rotmods_rc/qds_fit_out_flatboost_20251213_003324/UGC06628_QDS_bestfit.csv
qds_fit_out_flatboost_20251213_003324,UGC06667,9,1737.86,1.21575,193.095,0.173679,99.9300432716099,99.9100551541987,82.1256,2.1886,1737.86,7.21575,1,1737.86,5.610199154672439,1,9,99.910,/data/data/com.termux/files/home/OMEGA_EMPIRE/UV_QDS/data/rotmods_rc/qds_fit_out_flatboost_20251213_003324/UGC06667_QDS_bestfit.csv
qds_fit_out_flatboost_20251213_003324,UGC06786,45,27137.8,183.378,603.063,4.26461,99.32427094311255,99.29284170973847,209.672,10.1859,27137.8,187.66371428571426,1,27137.8,190.99132497954062,1,45,99.293,/data/data/com.termux/files/home/OMEGA_EMPIRE/UV_QDS/data/rotmods_rc/qds_fit_out_flatboost_20251213_003324/UGC06786_QDS_bestfit.csv
qds_fit_out_flatboost_20251213_003324,UGC06787,71,42857.0,3325.74,603.62,48.1991,92.23991413304711,92.0149928763129,228.414,12.1727,42857.0,3329.916470588235,1,42857.0,3334.2653597540825,1,71,92.015,/data/data/com.termux/files/home/OMEGA_EMPIRE/UV_QDS/data/rotmods_rc/qds_fit_out_flatboost_20251213_003324/UGC06787_QDS_bestfit.csv
qds_fit_out_flatboost_20251213_005057,UGC06818,8,106.95768491030458,21.851307429470413,13.369710613788072,3.641884571578402,79.57013799635335,72.76018399513781,198.8,20.000000000000007,106.95768491030458,28.251307429470412,1,106.95768491030458,26.010190512830086,1,8,79.57013799635335,/data/data/com.termux/files/home/OMEGA_EMPIRE/UV_QDS/data/rotmods_rc/qds_fit_out_flatboost_20251213_005057/UGC06818_QDS_bestfit.csv
qds_fit_out_flatboost_20251213_003324,UGC06917,11,596.961,5.59272,54.2692,0.621413,99.06313477764878,98.85494350386591,91.8621,3.93819,596.961,11.09272,1,596.961,10.388510545596741,1,11,98.855,/data/data/com.termux/files/home/OMEGA_EMPIRE/UV_QDS/data/rotmods_rc/qds_fit_out_flatboost_20251213_003324/UGC06917_QDS_bestfit.csv
qds_fit_out_flatboost_20251213_003324,UGC06923,6,58.347,6.34659,9.7245,1.58665,89.12267982929714,83.68399403568307,132.104,9.0488,58.347,14.346589999999999,1,58.347,9.93010893845611,1,6,83.684,/data/data/com.termux/files/home/OMEGA_EMPIRE/UV_QDS/data/rotmods_rc/qds_fit_out_flatboost_20251213_003324/UGC06923_QDS_bestfit.csv
qds_fit_out_flatboost_20251213_003324,UGC06930,10,260.047,2.332,26.0047,0.2915,99.10323902986768,98.87904878733461,80.6135,3.32388,260.047,8.046285714285714,1,260.047,6.937170185988092,1,10,98.879,/data/data/com.termux/files/home/OMEGA_EMPIRE/UV_QDS/data/rotmods_rc/qds_fit_out_flatboost_20251213_003324/UGC06930_QDS_bestfit.csv
qds_fit_out_flatboost_20251213_003324,UGC06973,9,3515.09,3515.09,390.566,502.156,0.0,0.0,0.0,0.2,3515.09,3521.09,0,3515.09,3519.484449154673,0,9,-28.571,/data/data/com.termux/files/home/OMEGA_EMPIRE/UV_QDS/data/rotmods_rc/qds_fit_out_flatboost_20251213_003324/UGC06973_QDS_bestfit.csv
qds_fit_out_flatboost_20251213_003324,UGC06983,17,1103.94,6.87093,64.9376,0.458062,99.37759932605033,99.29461205834524,93.5172,2.94483,1103.94,11.728072857142859,1,1103.94,12.537356688112432,1,17,99.295,/data/data/com.termux/files/home/OMEGA_EMPIRE/UV_QDS/data/rotmods_rc/qds_fit_out_flatboost_20251213_003324/UGC06983_QDS_bestfit.csv
qds_fit_out_flatboost_20251213_003324,UGC07089,12,76.0828,2.26346,6.34023,0.226346,97.02500433737981,96.43000332795496,158.2,20.7862,76.0828,7.596793333333333,1,76.0828,7.233273299576,1,12,96.430,/data/data/com.termux/files/home/OMEGA_EMPIRE/UV_QDS/data/rotmods_rc/qds_fit_out_flatboost_20251213_003324/UGC07089_QDS_bestfit.csv
qds_fit_out_flatboost_20251213_003324,UGC07125,13,475.017,7.00895,36.5398,0.637177,98.52448438687458,98.25621103563785,48.516,5.31061,475.017,12.208949999999998,1,475.017,12.138848714923073,1,13,98.256,/data/data/com.termux/files/home/OMEGA_EMPIRE/UV_QDS/data/rotmods_rc/qds_fit_out_flatboost_20251213_003324/UGC07125_QDS_bestfit.csv
qds_fit_out_flatboost_20251213_003324,UGC07151,11,394.979,8.76765,35.9072,0.974183,97.78022375873147,97.28694245165316,52.5517,1.63777,394.979,14.26765,1,394.979,13.563440545596741,1,11,97.287,/data/data/com.termux/files/home/OMEGA_EMPIRE/UV_QDS/data/rotmods_rc/qds_fit_out_flatboost_20251213_003324/UGC07151_QDS_bestfit.csv
qds_fit_out_flatboost_20251213_005109,UGC07232,4,30.458056720101787,3.3376382008364085,7.614514180025447,1.6688191004182042,89.04185440486876,78.08370880973752,100.05000000000001,2.236067977499788,30.458056720101787,19.33763820083641,1,30.458056720101787,6.11022692307619,1,4,89.04185440486876,/data/data/com.termux/files/home/OMEGA_EMPIRE/UV_QDS/data/rotmods_rc/qds_fit_out_flatboost_20251213_005109/UGC07232_QDS_bestfit.csv
qds_fit_out_flatboost_20251213_003324,UGC07261,7,108.297,3.71332,15.471,0.742664,96.571170023177,95.19963803244782,57.731,1.57241,108.297,10.71332,1,108.297,7.605140298110626,1,7,95.200,/data/data/com.termux/files/home/OMEGA_EMPIRE/UV_QDS/data/rotmods_rc/qds_fit_out_flatboost_20251213_003324/UGC07261_QDS_bestfit.csv
qds_fit_out_flatboost_20251213_005057,UGC07323,10,71.4623770690394,2.8442034714405615,7.146237706903941,0.3555254339300702,96.01999879084235,95.02499848855295,210.14,20.000000000000007,71.4623770690394,8.558489185726275,1,71.4623770690394,7.449373657428653,1,10,96.01999879084235,/data/data/com.termux/files/home/OMEGA_EMPIRE/UV_QDS/data/rotmods_rc/qds_fit_out_flatboost_20251213_005057/UGC07323_QDS_bestfit.csv
qds_fit_out_flatboost_20251213_003324,UGC07399,10,2380.22,3.87714,238.022,0.484643,99.83711001504062,99.79638730873616,93.0154,1.28673,2380.22,9.591425714285714,1,2380.22,8.48231018598809,1,10,99.796,/data/data/com.termux/files/home/OMEGA_EMPIRE/UV_QDS/data/rotmods_rc/qds_fit_out_flatboost_20251213_003324/UGC07399_QDS_bestfit.csv
qds_fit_out_flatboost_20251213_003324,UGC07524,31,1932.55,7.77723,62.3405,0.26818,99.59756642777677,99.569814165751,66.1593,2.94483,1932.55,12.205801428571428,1,1932.55,14.645204408970294,1,31,99.570,/data/data/com.termux/files/home/OMEGA_EMPIRE/UV_QDS/data/rotmods_rc/qds_fit_out_flatboost_20251213_003324/UGC07524_QDS_bestfit.csv
qds_fit_out_flatboost_20251213_003324,UGC07559,7,30.9048,1.32856,4.41498,0.265713,95.7011208614843,93.98155824035443,55.3448,4.31724,30.9048,8.32856,1,30.9048,5.220380298110626,1,7,93.982,/data/data/com.termux/files/home/OMEGA_EMPIRE/UV_QDS/data/rotmods_rc/qds_fit_out_flatboost_20251213_003324/UGC07559_QDS_bestfit.csv
qds_fit_out_flatboost_20251213_003324,UGC07577,9,2.79064,2.79064,0.310071,0.398663,0.0,0.0,0.0,0.2,2.79064,8.79064,0,2.79064,7.185089154672439,0,9,-28.571,/data/data/com.termux/files/home/OMEGA_EMPIRE/UV_QDS/data/rotmods_rc/qds_fit_out_flatboost_20251213_003324/UGC07577_QDS_bestfit.csv
qds_fit_out_flatboost_20251213_003324,UGC07603,12,952.345,6.66042,79.3621,0.666042,99.30062949876357,99.16075557476427,64.2312,1.63777,952.345,11.993753333333334,1,952.345,11.630233299576002,1,12,99.161,/data/data/com.termux/files/home/OMEGA_EMPIRE/UV_QDS/data/rotmods_rc/qds_fit_out_flatboost_20251213_003324/UGC07603_QDS_bestfit.csv
qds_fit_out_flatboost_20251213_003324,UGC07608,8,167.778,0.685208,20.9722,0.114201,99.59159842172396,99.45546485347269,74.6483,2.56578,167.778,7.085208,1,167.778,4.844091083359672,1,8,99.455,/data/data/com.termux/files/home/OMEGA_EMPIRE/UV_QDS/data/rotmods_rc/qds_fit_out_flatboost_20251213_003324/UGC07608_QDS_bestfit.csv
qds_fit_out_flatboost_20251213_003324,UGC07690,7,63.7467,1.42148,9.10668,0.284296,97.77011202148502,96.87815976843373,41.4235,1.06266,63.7467,8.421479999999999,1,63.7467,5.313300298110627,1,7,96.878,/data/data/com.termux/files/home/OMEGA_EMPIRE/UV_QDS/data/rotmods_rc/qds_fit_out_flatboost_20251213_003324/UGC07690_QDS_bestfit.csv
qds_fit_out_flatboost_20251213_003324,UGC07866,7,23.6458,0.313681,3.37797,0.0627361,98.67341768939939,98.14278694008532,25.6539,1.01505,23.6458,7.313681,1,23.6458,4.205501298110627,1,7,98.143,/data/data/com.termux/files/home/OMEGA_EMPIRE/UV_QDS/data/rotmods_rc/qds_fit_out_flatboost_20251213_003324/UGC07866_QDS_bestfit.csv
qds_fit_out_flatboost_20251213_003324,UGC08286,17,5407.46,21.4333,318.086,1.42889,99.60363460848532,99.55078500782807,72.3679,1.35021,5407.46,26.290442857142857,1,5407.46,27.099726688112433,1,17,99.551,/data/data/com.termux/files/home/OMEGA_EMPIRE/UV_QDS/data/rotmods_rc/qds_fit_out_flatboost_20251213_003324/UGC08286_QDS_bestfit.csv
qds_fit_out_flatboost_20251213_003324,UGC08490,30,3224.25,5.69238,107.475,0.203299,99.82345103512445,99.81084066061875,71.8138,1.28673,3224.25,10.136824444444445,1,3224.25,12.494774763324312,1,30,99.811,/data/data/com.termux/files/home/OMEGA_EMPIRE/UV_QDS/data/rotmods_rc/qds_fit_out_flatboost_20251213_003324/UGC08490_QDS_bestfit.csv
qds_fit_out_flatboost_20251213_003324,UGC08550,11,1594.94,5.21167,144.995,0.579075,99.67323723776444,99.60062415945379,51.4031,1.28673,1594.94,10.71167,1,1594.94,10.007460545596741,1,11,99.601,/data/data/com.termux/files/home/OMEGA_EMPIRE/UV_QDS/data/rotmods_rc/qds_fit_out_flatboost_20251213_003324/UGC08550_QDS_bestfit.csv
qds_fit_out_flatboost_20251213_003324,UGC08699,41,1875.11,477.853,45.7343,12.2526,74.51600172789863,73.20916686163339,192.646,15.4403,1875.11,482.1687894736842,1,1875.11,485.2801441334086,1,41,73.209,/data/data/com.termux/files/home/OMEGA_EMPIRE/UV_QDS/data/rotmods_rc/qds_fit_out_flatboost_20251213_003324/UGC08699_QDS_bestfit.csv
qds_fit_out_flatboost_20251213_005109,UGC08837,8,56.22338468420712,18.1040514833472,7.02792308552589,3.0173419138911997,67.79978369314976,57.06637825753303,135.04999999999998,17.09975946676695,56.22338468420712,24.504051483347197,1,56.22338468420712,22.26293456670687,1,8,67.79978369314976,/data/data/com.termux/files/home/OMEGA_EMPIRE/UV_QDS/data/rotmods_rc/qds_fit_out_flatboost_20251213_005109/UGC08837_QDS_bestfit.csv
qds_fit_out_flatboost_20251213_005109,UGC09037,22,813.1865602807865,793.7791024460518,36.963025467308476,39.68895512230259,2.386593530029995,0.0,342.25,130.76604860118292,813.1865602807865,798.4106813934202,1,813.1865602807865,799.9611873527684,1,22,2.386593530029995,/data/data/com.termux/files/home/OMEGA_EMPIRE/UV_QDS/data/rotmods_rc/qds_fit_out_flatboost_20251213_005109/UGC09037_QDS_bestfit.csv
qds_fit_out_flatboost_20251213_003324,UGC09133,68,59213.8,4897.84,870.791,74.2097,91.72854976373752,91.47789768153322,193.806,26.7464,59213.8,4902.024615384616,1,59213.8,4906.279015410352,1,68,91.478,/data/data/com.termux/files/home/OMEGA_EMPIRE/UV_QDS/data/rotmods_rc/qds_fit_out_flatboost_20251213_003324/UGC09133_QDS_bestfit.csv
qds_fit_out_flatboost_20251213_003324,UGC09992,5,5.41176,0.0299191,1.08235,0.00997302,99.44714658447528,99.07857717004664,18.2708,0.2,5.41176,10.0299191,0,5.41176,3.2487949248682004,1,5,99.079,/data/data/com.termux/files/home/OMEGA_EMPIRE/UV_QDS/data/rotmods_rc/qds_fit_out_flatboost_20251213_003324/UGC09992_QDS_bestfit.csv
qds_fit_out_flatboost_20251213_003324,UGC10310,7,138.475,0.486017,19.7821,0.0972034,99.64902184509839,99.50862951860519,55.531,1.63777,138.475,7.486017,1,138.475,4.377837298110626,1,7,99.509,/data/data/com.termux/files/home/OMEGA_EMPIRE/UV_QDS/data/rotmods_rc/qds_fit_out_flatboost_20251213_003324/UGC10310_QDS_bestfit.csv
qds_fit_out_flatboost_20251213_005109,UGC11455,36,1415.4862332054397,1308.0279542977491,39.319062033484435,38.471410420522034,7.591615968199554,2.1558286722112916,442.40000000000003,130.76604860118292,1415.4862332054397,1312.3915906613854,1,1415.4862332054397,1315.1949921746614,1,36,7.591615968199554,/data/data/com.termux/files/home/OMEGA_EMPIRE/UV_QDS/data/rotmods_rc/qds_fit_out_flatboost_20251213_005109/UGC11455_QDS_bestfit.csv
qds_fit_out_flatboost_20251213_005057,UGC11557,12,79.37975868717581,79.37975868717581,6.614979890597984,7.937975868717581,0.0,0.0,0.0,0.005,79.37975868717581,84.71309202050914,0,79.37975868717581,84.34957198675181,0,12,0.0,/data/data/com.termux/files/home/OMEGA_EMPIRE/UV_QDS/data/rotmods_rc/qds_fit_out_flatboost_20251213_005057/UGC11557_QDS_bestfit.csv
qds_fit_out_flatboost_20251213_003324,UGC11820,10,10139.7,32.7246,1013.97,4.09058,99.67726264090655,99.59657780802192,75.7138,5.31061,10139.7,38.43888571428572,1,10139.7,37.329770185988096,1,10,99.597,/data/data/com.termux/files/home/OMEGA_EMPIRE/UV_QDS/data/rotmods_rc/qds_fit_out_flatboost_20251213_003324/UGC11820_QDS_bestfit.csv
qds_fit_out_flatboost_20251213_003324,UGC11914,65,961.618,961.618,14.7941,15.2638,0.0,0.0,0.0,0.2,961.618,965.8115483870969,0,961.618,969.9667745397913,0,65,-3.175,/data/data/com.termux/files/home/OMEGA_EMPIRE/UV_QDS/data/rotmods_rc/qds_fit_out_flatboost_20251213_003324/UGC11914_QDS_bestfit.csv
qds_fit_out_flatboost_20251213_003324,UGC12506,31,1070.72,15.1848,34.5392,0.523614,98.5818141063957,98.484000787511,175.862,1.66111,1070.72,19.613371428571426,1,1070.72,22.052774408970294,1,31,98.484,/data/data/com.termux/files/home/OMEGA_EMPIRE/UV_QDS/data/rotmods_rc/qds_fit_out_flatboost_20251213_003324/UGC12506_QDS_bestfit.csv
qds_fit_out_flatboost_20251213_003324,UGC12632,15,1266.48,0.887457,84.4321,0.0682659,99.92992727875686,99.91914698319715,61.4447,2.1886,1266.48,5.887457,1,1266.48,6.3035574022044205,1,15,99.919,/data/data/com.termux/files/home/OMEGA_EMPIRE/UV_QDS/data/rotmods_rc/qds_fit_out_flatboost_20251213_003324/UGC12632_QDS_bestfit.csv
qds_fit_out_flatboost_20251213_003324,UGC12732,16,1975.17,11.4796,123.448,0.819973,99.41880445733786,99.33577457714989,81.1034,3.55915,1975.17,16.40267692307692,1,1975.17,17.02477744447956,1,16,99.336,/data/data/com.termux/files/home/OMEGA_EMPIRE/UV_QDS/data/rotmods_rc/qds_fit_out_flatboost_20251213_003324/UGC12732_QDS_bestfit.csv
qds_fit_out_flatboost_20251213_005109,UGCA281,7,108.29933902815971,1.4911252672856308,15.471334146879958,0.29822505345712613,98.62314462796684,98.07240247915357,32.7,0.8085977015833735,108.29933902815971,8.49112526728563,1,108.29933902815971,5.382945565396257,1,7,98.62314462796684,/data/data/com.termux/files/home/OMEGA_EMPIRE/UV_QDS/data/rotmods_rc/qds_fit_out_flatboost_20251213_005109/UGCA281_QDS_bestfit.csv
qds_fit_out_flatboost_20251213_003324,UGCA442,8,3936.44,3.81792,492.055,0.63632,99.90301084228389,99.87068112304519,56.4902,2.1886,3936.44,10.21792,1,3936.44,7.9768030833596715,1,8,99.871,/data/data/com.termux/files/home/OMEGA_EMPIRE/UV_QDS/data/rotmods_rc/qds_fit_out_flatboost_20251213_003324/UGCA442_QDS_bestfit.csv
qds_fit_out_flatboost_20251213_003324,UGCA444,36,426.164,5.77464,11.8379,0.169842,98.64497235805935,98.56526917781026,33.5078,1.01505,426.164,10.138276363636363,1,426.164,12.94167787691222,1,36,98.565,/data/data/com.termux/files/home/OMEGA_EMPIRE/UV_QDS/data/rotmods_rc/qds_fit_out_flatboost_20251213_003324/UGCA444_QDS_bestfit.csv
